rank,smiles,pic50,probability_binding,docking_confidence,qed_score
1,Cc1cc(C(=O)N2CCN(c3ccccc3)CC2)ccn1,6.931890625,0.296875,-0.9143392443656921,0.848
2,CC(C)c1csc(N2CCC(C3CCCCC3)CC2)n1,6.59621875,0.2490234375,-0.8984950184822083,0.774
3,O=C(Nc1ccccn1)N1CCC[C@@H]1c1cnc[nH]1,6.521625,0.208984375,-1.1365197896957397,0.865
4,CCOc1ccc(CC2CCCCN2)cc1,6.468343750000001,0.201171875,-1.2866425514221191,0.84
5,Cc1ccc(C2(C)CCC(O)=N2)cc1,5.9035625000000005,0.19921875,-0.5806596279144287,0.723
